Platform,Link,Focus

LeetCode,https://leetcode.com,"Enhance problem-solving and coding interview skills."
HackerRank,https://www.hackerrank.com,"Practice coding and participate in global contests."
CodeChef,https://www.codechef.com,"Competitive programming for all skill levels."
Codeforces,https://codeforces.com,"Top global coding competition and practice arena."
GeeksforGeeks,https://www.geeksforgeeks.org,"Learn coding with articles, tutorials, and problems."
HackerEarth,https://www.hackerearth.com,"Coding challenges and hackathons for developers."
Codewars,https://www.codewars.com,"Train coding skills through creative kata challenges."
Coderbyte,https://www.coderbyte.com,"Code and prepare for technical interviews."
TopCoder,https://www.topcoder.com,"Crowdsourced competitive programming community."
Exercism,https://exercism.org,"Practice programming with human mentorship."
InterviewBit,https://www.interviewbit.com,"Structured learning for coding interviews."
SPOJ,https://www.spoj.com,"Classic coding problem archive."
Coding Ninjas,https://www.codingninjas.com,"Online platform for learning and coding practice."
Edabit,https://edabit.com,"Fun bite-sized programming challenges."
Project Euler,https://projecteuler.net,"Solve mathematical and computational problems."
CodeSignal,https://codesignal.com,"Coding assessments and challenges platform."
Devpost,https://devpost.com,"Showcase coding projects and participate in hackathons."
CodePen,https://codepen.io,"Frontend playground for HTML, CSS, and JS."
Replit,https://replit.com,"Instantly code, collaborate, and deploy online."
W3Schools,https://www.w3schools.com,"Interactive tutorials for web technologies."
FreeCodeCamp,https://www.freecodecamp.org,"Learn to code for free and build real projects."
SoloLearn,https://www.sololearn.com,"Learn coding interactively with a global community."
Geektastic,https://www.geektastic.com,"Peer-reviewed coding challenges for interviews."
CodingBat,https://codingbat.com,"Practice small coding exercises in Java and Python."
Brilliant,https://brilliant.org,"Learn math and CS through problem-solving."
CodeinGame,https://www.codingame.com,"Learn coding by playing and creating games."
AlgoExpert,https://www.algoexpert.io,"Comprehensive platform for interview prep."
Dev.to,https://dev.to,"Community of developers sharing knowledge."
Educative,https://www.educative.io,"Interactive text-based coding courses."
Pramp,https://www.pramp.com,"Practice technical interviews with peers."
Frontend Mentor,https://www.frontendmentor.io,"Improve front-end skills with real projects."
CodeGym,https://codegym.cc,"Learn Java with 1200+ practice tasks."
Codewell,https://www.codewell.cc,"Frontend challenges for designers and developers."
HackThisSite,https://www.hackthissite.org,"Ethical hacking practice environment."
Python Tutor,https://pythontutor.com,"Visualize code execution and logic flow."
Kaggle,https://www.kaggle.com,"Practice data science and ML challenges."
Edureka,https://www.edureka.co,"Hands-on coding courses for professionals."
LeapsCode,https://leapscode.com,"Algorithmic learning and coding practice."
TechGig,https://www.techgig.com,"Indiaâ€™s largest tech competition platform."
Programiz,https://www.programiz.com,"Beginner-friendly tutorials and coding playground."
AtCoder,https://atcoder.jp,"Japanese competitive programming contests."
VJudge,https://vjudge.net,"Multi-judge coding practice platform."
NeetCode,https://neetcode.io,"Structured roadmap for coding interviews."
CSES,https://cses.fi,"Practice set curated for algorithmic problem solving."
BinarySearch,https://binarysearch.com,"Interactive coding problems and mock interviews."
CodinGame Hub,https://www.codingame.com,"Game-based coding puzzles and competitions."
Beecrowd,https://www.beecrowd.com,"Global online judge and problem repository."
Sphere Online Judge,https://www.spoj.com,"Practice algorithms and data structures."
OnlineGDB,https://www.onlinegdb.com,"Online compiler with debugging support."
HackQuest,https://hackquest.io,"Cybersecurity and programming practice."

