question,answer

"What is EduverseX?","EduverseX is a centralized education discovery platform helping students find courses, scholarships, internships, hackathons, and coding resources in one place."
"Is EduverseX free to use?","Yes, EduverseX is 100% free for students, learners, and educators."
"Do I need to register to use EduverseX?","You can browse without logging in, but registration allows saving preferences, submitting projects, and posting blogs."
"How can I find internships?","Go to the 'Internships' page — it lists verified internship programs from platforms like Internshala, Forage, and LinkedIn."
"How often is content updated?","EduverseX content is refreshed weekly to include new opportunities and verified data."
"Can I submit my project?","Yes! Use the 'Submit Project' option in the dashboard to share your GitHub or live project link."
"How can I publish a blog?","Students can share experiences, technical blogs, or achievements via the 'Submit Blog' section."
"Where can I find scholarships?","Explore the 'Scholarships' page with scholarships from government schemes, global universities, and tech companies."
"Can I search for hackathons?","Yes, visit the 'Hackathons' page for upcoming, ongoing, and past hackathon events with official links."
"Does EduverseX provide certificates?","EduverseX itself doesn't issue certificates but links you to verified certification platforms like Coursera and IBM SkillsBuild."
"Can educators or companies post opportunities?","Yes, they can contact EduverseX through the 'Contact Us' page to list verified opportunities."
"What programming languages can I learn?","You’ll find resources for Python, Java, C, C++, HTML, CSS, JavaScript, React, Django, and more."
"Does EduverseX teach coding?","EduverseX provides curated resources and coding practice sites like LeetCode, HackerRank, and CodeChef."
"Can I access EduverseX on mobile?","Yes! EduverseX is responsive and works seamlessly across devices."
"Does EduverseX require installation?","No download needed — it’s a web-based platform accessible via any browser."
"What makes EduverseX unique?","It’s a unified hub for all educational resources, simplifying access to multiple opportunities in one dashboard."
"Can I filter courses by topic?","Yes, the courses section allows filtering by domain like AI, Data Science, Cloud, or Web Development."
"Can I find open-source projects?","Yes, the 'Projects' section lists active open-source repositories where you can contribute."
"Is the data verified?","Yes, every link and opportunity is verified for authenticity and relevance before publishing."
"How do I stay updated?","Bookmark EduverseX or subscribe to email updates to receive weekly opportunity highlights."
"What are some featured coding platforms?","LeetCode, CodeChef, HackerRank, CodeForces, GeeksForGeeks, and Coding Ninjas are featured platforms."
"Can I get AI/ML resources?","Yes, visit the 'Courses' or 'Resources' section for curated AI/ML content from top institutions and platforms."
"What if I find a broken link?","You can report it through the 'Contact' page — we’ll fix or update it promptly."
"Can I contribute content?","Yes! EduverseX welcomes student-curated links, blog submissions, and GitHub project ideas."
"Does EduverseX have a mobile app?","Currently, EduverseX is a web app. A mobile app is planned in future updates."
"Can I learn Data Science on EduverseX?","Yes, it includes resources for Python, Pandas, NumPy, TensorFlow, Power BI, and Tableau."
"What are the top cloud learning links?","AWS Skill Builder, Microsoft Learn, Google Cloud Skills Boost, and IBM Cloud are featured."
"How do I connect with mentors?","EduverseX lists platforms like ADPList and LinkedIn Learning for mentorship and guidance."
"Is EduverseX linked to any university?","No, EduverseX is an independent student-led initiative supporting global learners."
"What are the most popular hackathons?","TCS CodeVita, Google Solution Challenge, NASA Space Apps, and Smart India Hackathon are top picks."
"Can I learn web development here?","Yes, EduverseX links to full-stack web development courses from free and paid sources."
"Does EduverseX include design resources?","Yes, you’ll find UI/UX design platforms like Figma, Canva, and Adobe XD tutorials."
"How can I improve my resume?","Check our 'Resources' page for resume templates, LinkedIn optimization, and portfolio-building tools."
"What are some freelancing platforms listed?","Upwork, Fiverr, Truelancer, and Freelancer are included in the resources section."
"Can I access open-source events?","Yes, we list communities like EddieHub, Hacktoberfest, and GSSoC (Girlscript Summer of Code)."
"What are the top data visualization tools?","EduverseX recommends Power BI, Tableau, Excel, and Matplotlib tutorials."
"Does EduverseX include research resources?","Yes, sites like Google Scholar, ResearchGate, and Archive.org are available in resources."
"Can I join student communities?","Yes, you can join Discord or Slack-based student groups linked on the platform."
"Are projects beginner-friendly?","Yes, the listed GitHub repositories are categorized for beginners, intermediate, and advanced levels."
"Can I contact the support team?","Yes, through the 'Contact Us' form — we usually reply within 24 hours."
"Is EduverseX available globally?","Yes, all resources are open to international learners and contributors."
"Can I find YouTube channels for learning?","Yes, the Resources section includes curated channels like freeCodeCamp and Simplilearn."
"Does EduverseX support API learning?","Yes, API development tutorials and tools like Postman, Flask, and FastAPI are listed."
"Can I use EduverseX offline?","Currently, it’s online-only to ensure access to real-time opportunities."
"Can I share EduverseX with friends?","Absolutely! Share the link to help more students discover educational opportunities."
"Is there any cost for registration?","No, creating an account and using EduverseX is completely free."
"Does EduverseX have collaboration features?","Yes, team-based project submissions and group participation in hackathons are supported."
"What can I find in the 'Resources' section?","It includes learning sites, developer tools, productivity apps, and tech communities."
"Who developed EduverseX?","EduverseX was created by Murali Bandaru and contributors to make student learning and opportunities accessible for all."
